date,GPR,GPRT,GPRA,is_daily
1/1/2016,118.2111435,124.2391434,109.5290985,0
2/1/2016,103.749649,91.32202148,117.582016,0
3/1/2016,109.7202911,98.02693176,127.7681427,0
4/1/2016,85.22145081,80.8224411,93.12298584,0
5/1/2016,88.33242035,84.46136475,93.63965607,0
6/1/2016,90.16812897,80.51286316,100.8573761,0
7/1/2016,114.6104507,97.09804535,145.1487427,0
8/1/2016,98.73848724,82.44046783,121.4536972,0
9/1/2016,104.5452271,95.48959351,121.1504974,0
10/1/2016,85.74778748,79.64808655,100.3076782,0
11/1/2016,82.91875458,81.22564697,83.97505951,0
12/1/2016,102.1804657,93.93662262,113.9794617,0
1/1/2017,105.2012329,108.2770004,103.1711731,0
2/1/2017,114.2063599,125.6646805,97.1516037,0
3/1/2017,96.63587952,95.83842468,95.67454529,0
4/1/2017,119.4599228,127.4465485,108.06884,0
5/1/2017,102.5799637,102.3546066,99.70480347,0
6/1/2017,126.7890167,113.1684647,146.6716614,0
7/1/2017,102.8134613,125.599205,71.95505524,0
8/1/2017,138.5316162,160.0231018,108.4359512,0
9/1/2017,115.5344467,142.1448975,84.0962677,0
10/1/2017,91.46157074,109.2306061,69.15699768,0
11/1/2017,92.59601593,103.9439774,80.11587524,0
12/1/2017,82.71825409,95.90844727,62.65747833,0
1/1/2018,92.42678833,107.6443176,75.66629028,0
2/1/2018,64.49137115,74.6831131,52.00220108,0
3/1/2018,111.9622955,146.9270782,64.55758667,0
4/1/2018,123.2634735,146.3956604,94.3058548,0
5/1/2018,125.6666183,172.2167053,63.21790314,0
6/1/2018,103.9685898,137.0244598,56.64043427,0
7/1/2018,110.0284271,129.1023407,84.40847015,0
8/1/2018,112.741684,145.1140747,68.57559204,0
9/1/2018,75.0539093,88.62364197,51.16391754,0
10/1/2018,92.01647949,115.2121506,61.15047455,0
11/1/2018,80.40758514,105.1668549,47.40216827,0
12/1/2018,90.60766602,106.0626984,66.24092865,0
1/1/2019,87.42410278,112.9804535,55.73350906,0
2/1/2019,96.80016327,127.8574219,57.51169968,0
3/1/2019,82.32829285,90.78959656,66.64120483,0
4/1/2019,79.25344849,95.45539856,57.51552963,0
5/1/2019,106.4719009,134.9725189,64.66343689,0
6/1/2019,106.5884552,142.6534882,53.42063904,0
7/1/2019,93.52125549,126.9307785,47.41885757,0
8/1/2019,103.4044189,124.7254181,70.09744263,0
9/1/2019,90.36798859,110.8709488,67.81023407,0
10/1/2019,97.83673096,121.3110428,69.96658325,0
11/1/2019,73.0783844,84.58730316,53.03253174,0
12/1/2019,74.27989197,80.11077118,63.33135223,0
1/1/2020,138.4209442,190.8443604,81.65093994,0
2/1/2020,75.95555878,87.1624527,56.68605042,0
3/1/2020,81.54003143,97.09007263,62.90298843,0
4/1/2020,69.33940125,81.76082611,47.5912323,0
5/1/2020,68.50721741,83.35546112,42.29555893,0
6/1/2020,71.2278595,85.86660767,49.76088715,0
7/1/2020,66.47328186,88.73797607,36.25208282,0
8/1/2020,65.46604919,90.00911713,28.45462799,0
9/1/2020,80.37738037,101.2576447,49.51808167,0
10/1/2020,76.08316803,97.65258026,42.68144226,0
11/1/2020,70.06746674,79.03644562,62.31394577,0
12/1/2020,64.06729126,86.8152771,31.74442863,0
1/1/2021,77.41870117,98.47562408,48.28748703,0
2/1/2021,73.95680237,94.48355865,46.32677841,0
3/1/2021,78.61876678,100.8520203,49.41804123,0
4/1/2021,88.16622162,109.5869598,67.87379456,0
5/1/2021,93.00713348,120.7828369,52.62611389,0
6/1/2021,74.12712097,92.54654694,46.34864044,0
7/1/2021,58.42076874,64.03631592,50.71583176,0
8/1/2021,89.48654938,103.2015915,76.48285675,0
9/1/2021,80.69696808,92.0473175,67.9402771,0
10/1/2021,79.02923584,93.80802917,61.1491127,0
11/1/2021,86.5691452,121.5009537,39.74269104,0
12/1/2021,105.3454208,155.310257,47.65493393,0
1/1/2022,138.6749878,199.4875183,63.25152969,0
2/1/2022,216.1590118,320.6058655,105.2183075,0
3/1/2022,318.9549255,403.713623,250.9558563,0
4/1/2022,191.1430969,221.910553,184.4178162,0
5/1/2022,142.2584839,166.4245605,140.1373444,0
6/1/2022,130.7073212,160.7269592,114.8146896,0
7/1/2022,117.1767654,141.2429352,97.83872986,0
8/1/2022,132.8632202,159.3830261,111.158577,0
9/1/2022,131.9858704,170.3117981,108.6280746,0
10/1/2022,143.1624146,185.2843018,112.6750259,0
11/1/2022,116.7162857,143.0465546,98.68260956,0
12/1/2022,111.1959381,119.1385269,109.7722168,0
1/1/2023,104.2670441,113.0213547,94.62993622,0
2/1/2023,120.9943771,147.0501556,103.0287552,0
3/1/2023,105.3799744,125.0858459,86.75404358,0
4/1/2023,106.8096542,118.1668243,93.24841309,0
5/1/2023,104.607399,127.5770187,111.2377625,1
5/2/2023,77.03646088,53.38185501,89.59922028,1
5/3/2023,149.5256195,133.8994904,160.5319366,1
5/4/2023,118.0840302,103.35849,136.3079987,1
5/5/2023,69.73827362,106.3141861,23.17453575,1
5/6/2023,91.4512558,84.49398041,111.4297028,1
5/7/2023,42.60537338,70.85540009,0,1
5/8/2023,51.75886917,49.18756866,58.97091675,1
5/9/2023,116.3505173,102.4402237,150.1077881,1
5/10/2023,118.5176315,147.8266754,70.89169312,1
5/11/2023,137.2775726,178.670517,71.40262604,1
5/12/2023,146.2168427,184.4720917,100.528801,1
5/13/2023,88.82279205,86.89286041,93.75817871,1
5/14/2023,74.02385712,61.55315781,92.24501038,1
5/15/2023,135.8670349,150.6369324,116.0989914,1
5/16/2023,137.5253754,119.3286896,143.0630188,1
5/17/2023,89.37788391,139.3509521,11.13784599,1
5/18/2023,125.2173386,151.4503784,102.1351929,1
5/19/2023,160.8530579,158.8332977,140.3132019,1
5/20/2023,98.4418335,106.4147034,107.9526978,1
5/21/2023,60.22850037,50.08188629,80.05747986,1
5/22/2023,78.24963379,108.4450302,39.0043869,1
5/23/2023,183.6913605,213.8431854,146.5007629,1
5/24/2023,115.2197418,153.2941284,80.40556335,1
5/25/2023,106.2855911,137.4796906,117.7315903,1
5/26/2023,61.34384537,64.9209671,55.59547806,1
5/27/2023,85.71331787,109.0062408,70.37016296,1
5/28/2023,36.50212479,15.17632961,54.58464813,1
5/29/2023,44.9669838,49.8552742,44.82857132,1
5/30/2023,111.2918091,141.5357666,65.26425171,1
5/31/2023,219.5830688,281.7106018,137.5988007,1
6/1/2023,182.3971558,225.0571594,140.7760468,1
6/2/2023,129.5732269,159.2740326,123.5581055,1
6/3/2023,119.0144119,123.7052689,108.7607346,1
6/4/2023,38.18521881,31.7522049,38.06768036,1
6/5/2023,107.0873108,142.4743347,42.70307922,1
6/6/2023,133.4734344,131.1668549,133.0625916,1
6/7/2023,142.2924347,123.0534363,158.8769684,1
6/8/2023,78.73674774,84.17838287,78.4943924,1
6/9/2023,96.32668304,124.597908,53.35010147,1
6/10/2023,97.14274597,121.1658554,67.7906189,1
6/11/2023,81.29000092,84.49398041,101.299736,1
6/12/2023,65.72555542,54.65285492,65.52323914,1
6/13/2023,77.17451477,108.6005096,59.18228531,1
6/14/2023,72.13296509,73.82254791,77.44254303,1
6/15/2023,158.3212585,182.2833557,133.5517883,1
6/16/2023,111.4319458,117.9298248,90.89095306,1
6/17/2023,93.10471344,122.2412949,78.1626358,1
6/18/2023,84.69633484,93.90354156,112.5808411,1
6/19/2023,107.7841949,107.5511246,100.2889328,1
6/20/2023,142.7830963,180.4674835,102.487381,1
6/21/2023,127.874855,162.0296326,72.84642792,1
6/22/2023,154.5040894,185.0039978,98.57824707,1
6/23/2023,46.41075516,38.59199524,46.26789856,1
6/24/2023,105.0814514,124.8264618,119.7234268,1
6/25/2023,125.1842422,192.1746979,134.3988342,1
6/26/2023,169.5130615,211.433136,140.8260651,1
6/27/2023,118.3059921,167.2377319,94.35346985,1
6/28/2023,82.5390625,82.36058044,109.7133255,1
6/29/2023,120.8966217,160.8469391,72.31469727,1
6/30/2023,102.6733856,125.8174667,86.19566345,1
7/1/2023,103.0347672,119.9472885,92.44585419,1
7/2/2023,69.42507172,98.96421051,59.32403564,1
7/3/2023,45.37763977,53.90418243,38.77539825,1
7/4/2023,109.9303436,109.6926346,116.8981018,1
7/5/2023,89.85264587,109.582428,95.54781342,1
7/6/2023,172.662796,202.0678406,140.2551575,1
7/7/2023,120.5613861,85.92906189,171.7004089,1
7/8/2023,58.67672348,53.22712708,53.17827988,1
7/9/2023,75.93278503,63.14049149,75.69905853,1
7/10/2023,138.2980499,164.2845154,105.0456009,1
7/11/2023,141.3526154,122.6495209,134.7906647,1
7/12/2023,203.1872406,255.9947815,110.4882584,1
7/13/2023,80.51380157,95.6424942,57.33283615,1
7/14/2023,151.3651428,193.6382294,104.468689,1
7/15/2023,65.74562073,100.9283829,20.1671524,1
7/16/2023,30.57754707,50.85237885,0,1
7/17/2023,110.8536377,119.2895432,91.01023102,1
7/18/2023,151.4316711,167.8935699,138.3850861,1
7/19/2023,188.8271484,260.1974487,139.8398285,1
7/20/2023,127.6402283,141.5157928,145.4255219,1
7/21/2023,112.3906937,127.8876801,106.1476517,1
7/22/2023,36.51649475,34.70241165,62.40701675,1
7/23/2023,49.44130707,65.77919769,78.86260223,1
7/24/2023,143.4307709,159.0229034,163.4163055,1
7/25/2023,61.72486496,68.43487549,54.69766235,1
7/26/2023,84.07531738,93.21501923,55.87768555,1
7/27/2023,132.5027008,190.3111725,60.04311371,1
7/28/2023,130.3305359,162.5608826,97.44702148,1
7/29/2023,71.89212036,64.37905121,66.15769196,1
7/30/2023,10.06859493,0,20.07520485,1
7/31/2023,154.3993378,175.0744019,111.9447861,1
8/1/2023,116.9141617,140.4256897,103.6038132,1
8/2/2023,132.7555695,147.1872253,138.6491852,1
8/3/2023,88.72949219,88.53762817,106.1476517,1
8/4/2023,119.3718109,119.113678,95.20349884,1
8/5/2023,97.42845917,119.3902512,71.56841278,1
8/6/2023,30.18284988,37.64697647,15.04497242,1
8/7/2023,117.565033,115.0105972,96.52024078,1
8/8/2023,108.2954865,127.1309509,88.90999603,1
8/9/2023,105.7202454,97.67744446,93.68428802,1
8/10/2023,131.0054932,145.2469025,124.3830948,1
8/11/2023,142.3582764,200.3275452,76.41851044,1
8/12/2023,119.2741241,144.2620697,129.7167206,1
8/13/2023,60.70150375,72.1074295,69.15960693,1
8/14/2023,114.9698105,119.5012512,143.2699127,1
8/15/2023,114.642601,140.4847107,72.18297577,1
8/16/2023,100.0242462,127.2062149,105.5820313,1
8/17/2023,116.0268936,154.367981,69.40184784,1
8/18/2023,77.42227936,110.3640976,33.07884598,1
8/19/2023,114.0477142,129.3194275,113.6966629,1
8/20/2023,43.70141983,43.60692215,52.28028488,1
8/21/2023,97.22421265,103.9435425,83.07852173,1
8/22/2023,81.09864044,82.99822998,62.19154739,1
8/23/2023,126.7102432,130.4500885,96.24397278,1
8/24/2023,61.57188797,71.67854309,49.10589218,1
8/25/2023,40.25690079,66.94974518,11.46656704,1
8/26/2023,85.97503662,92.51768494,80.66860962,1
8/27/2023,41.93123627,55.78741837,16.72086716,1
8/28/2023,75.44150543,79.84069061,68.37207794,1
8/29/2023,115.6337814,169.6819611,40.68629837,1
8/30/2023,163.2955933,213.3770599,116.2806854,1
8/31/2023,117.423111,102.7799911,110.9005356,1
9/1/2023,73.48699951,84.60932922,45.08356476,1
9/2/2023,58.9774704,57.21520996,58.79592896,1
9/3/2023,16.35836029,27.20497704,16.30800629,1
9/4/2023,100.6153717,115.8436203,61.7265625,1
9/5/2023,121.7855835,182.2833557,24.28214264,1
9/6/2023,76.62522888,88.22254181,47.00884247,1
9/7/2023,80.34212494,92.5019989,61.61140442,1
9/8/2023,80.14276123,88.85495758,95.87529755,1
9/9/2023,44.43086243,32.8405838,59.05879974,1
9/10/2023,16.60434914,13.8070364,16.55323982,1
9/11/2023,93.49989319,122.1755676,39.94804001,1
9/12/2023,164.9685211,230.4564972,65.78429413,1
9/13/2023,134.7836609,198.2897949,31.00818253,1
9/14/2023,119.9377975,123.4777603,102.487381,1
9/15/2023,106.6849442,133.0678101,85.08525085,1
9/16/2023,79.4618988,90.85319519,69.31513977,1
9/17/2023,64.32170105,93.59963989,48.09278488,1
9/18/2023,114.6917496,168.2996216,94.16130066,1
9/19/2023,207.4167633,314.5105591,97.30744171,1
9/20/2023,190.1125793,258.6838379,206.7571564,1
9/21/2023,162.9131622,225.7789917,108.2744598,1
9/22/2023,131.6252136,164.1757202,109.3500366,1
9/23/2023,70.02175903,89.57735443,42.95767593,1
9/24/2023,66.41739655,69.03517914,66.21295929,1
9/25/2023,109.960762,171.4421387,41.10835648,1
9/26/2023,81.25166321,114.3378983,24.92355728,1
9/27/2023,101.4660416,138.9659576,47.60174942,1
9/28/2023,64.37852478,68.13260651,58.34578323,1
9/29/2023,86.41481018,76.64706421,91.89207458,1
9/30/2023,82.55619812,85.81008911,72.014328,1
10/1/2023,38.97138596,25.92473984,77.70285797,1
10/2/2023,63.45914841,84.42923737,37.9582901,1
10/3/2023,107.0488586,148.3574829,83.0039444,1
10/4/2023,61.24074936,64.81185913,66.60244751,1
10/5/2023,54.30438614,70.24235535,36.09148788,1
10/6/2023,161.3076477,220.3603058,91.89207458,1
10/7/2023,54.14300537,32.74298859,68.69717407,1
10/8/2023,75.66779327,69.91126251,83.81652832,1
10/9/2023,227.0711823,211.0305328,279.6362915,1
10/10/2023,259.0834961,297.5069275,282.8847046,1
10/11/2023,265.9303894,278.8153992,265.1118164,1
10/12/2023,218.0117645,221.5688629,229.4151764,1
10/13/2023,287.3145447,318.5480652,292.0464478,1
10/14/2023,216.0370178,248.0764313,184.6046143,1
10/15/2023,154.4720764,171.2644806,136.885849,1
10/16/2023,290.344574,296.3012085,381.5488892,1
10/17/2023,274.5221863,324.6560669,267.595459,1
10/18/2023,333.0094299,359.4943237,349.4572754,1
10/19/2023,338.8517151,330.3461304,430.9973145,1
10/20/2023,298.6288147,331.0922852,363.8672791,1
10/21/2023,251.5196838,258.0956726,256.0805054,1
10/22/2023,105.1608887,0,209.6743774,1
10/23/2023,312.7746582,307.3695374,467.7178345,1
10/24/2023,250.0051117,249.4644928,286.6209106,1
10/25/2023,208.0899811,224.4756927,224.2696991,1
10/26/2023,168.4356384,155.6216888,223.8895721,1
10/27/2023,251.8646393,236.7507324,283.8401794,1
10/28/2023,173.5397491,169.769104,234.0663757,1
10/29/2023,133.1291962,104.18927,187.368576,1
10/30/2023,205.4305573,213.52742,191.9983368,1
10/31/2023,172.0814362,173.753479,208.3128357,1
11/1/2023,251.732254,247.382019,262.364563,1
11/2/2023,219.5830688,198.240799,287.7065735,1
11/3/2023,174.9210663,109.0892563,261.5739746,1
11/4/2023,157.2421265,148.1853333,188.1097565,1
11/5/2023,92.95470428,84.32154846,134.7906647,1
11/6/2023,182.9025116,146.4562378,229.6127319,1
11/7/2023,140.2145081,106.8766937,174.7286377,1
11/8/2023,132.5027008,120.1965256,204.1465912,1
11/9/2023,201.4799652,177.3920288,259.9362183,1
11/10/2023,180.9846649,164.1757202,229.6351013,1
11/11/2023,161.4616241,155.9153137,186.9266815,1
11/12/2023,128.3940887,156.5867767,119.4656219,1
11/13/2023,131.0466309,84.75396729,159.6750946,1
11/14/2023,148.2277374,160.7687073,141.3466339,1
11/15/2023,130.6030273,148.0915985,94.69165039,1
11/16/2023,170.8645477,155.8288269,219.7917633,1
11/17/2023,149.4841003,119.3286896,178.8287659,1
11/18/2023,111.659584,79.5843811,148.4211884,1
11/19/2023,101.5645752,90.95059967,171.3494568,1
11/20/2023,204.9010925,227.1755676,217.8884277,1
11/21/2023,96.48255157,85.57682037,141.0721741,1
11/22/2023,191.4443665,231.5519867,127.2367249,1
11/23/2023,175.4537964,128.3878937,223.8895721,1
11/24/2023,152.7937164,111.806427,231.5315704,1
11/25/2023,125.1051788,144.7358398,108.4522552,1
11/26/2023,87.86651611,102.2892609,122.6344757,1
11/27/2023,166.3516541,180.4260101,173.0500336,1
11/28/2023,184.3847656,169.1825714,215.5098267,1
11/29/2023,88.77902985,55.36690903,143.8218536,1
11/30/2023,178.9017334,163.1587677,230.1304016,1
12/1/2023,94.81410217,88.6960144,106.3375397,1
12/2/2023,122.1223145,93.08615875,152.1830139,1
12/3/2023,110.7027817,42.48591995,186.76651,1
12/4/2023,194.8569183,151.2276611,259.0095215,1
12/5/2023,89.69046021,109.3846283,59.60959244,1
12/6/2023,131.2427673,113.4977798,177.9407654,1
12/7/2023,194.1647034,215.2720642,175.970047,1
12/8/2023,153.5236359,137.4796906,188.3705444,1
12/9/2023,106.3424683,123.7979279,106.0151367,1
12/10/2023,124.1243134,154.8198853,154.6778107,1
12/11/2023,153.7749023,149.1800842,140.5264282,1
12/12/2023,167.4221954,178.993042,166.9068604,1
12/13/2023,192.7949524,194.3212585,244.6201019,1
12/14/2023,148.6789856,118.6859818,213.4387054,1
12/15/2023,169.2552795,211.1116028,204.8916473,1
12/16/2023,104.33284,104.1072311,145.6163788,1
12/17/2023,90.89362335,100.7745285,140.9548798,1
12/18/2023,144.0246887,83.31202698,237.2213745,1
12/19/2023,187.7568665,156.1257172,240.6586304,1
12/20/2023,143.7746277,95.6424942,229.3313446,1
12/21/2023,114.0195389,99.80085754,143.5813599,1
12/22/2023,89.36782837,138.7160187,71.27420044,1
12/23/2023,150.2979889,149.9729919,143.8419342,1
12/24/2023,52.91641998,88.00331879,42.20282745,1
12/25/2023,136.3998566,97.2177887,194.2571411,1
12/26/2023,139.5744781,92.84844208,222.6317749,1
12/27/2023,180.1815033,138.3014526,234.8967133,1
12/28/2023,122.6876907,96.01756287,143.8941803,1
12/29/2023,221.2848969,301.0996094,213.9187927,1
12/30/2023,190.9830322,197.1414185,236.3526154,1
12/31/2023,110.0853348,99.86116791,179.5851593,1
1/1/2024,167.6001587,114.7709961,275.1976013,1
1/2/2024,131.122467,91.81679535,192.6383209,1
1/3/2024,149.3903046,108.0197601,259.0095215,1
1/4/2024,180.6855164,155.810318,240.1724548,1
1/5/2024,167.4893799,165.0639038,197.8949127,1
1/6/2024,131.2427673,122.2283707,146.539444,1
1/7/2024,89.0475235,74.04579926,142.0374756,1
1/8/2024,106.6277084,106.3971481,141.732666,1
1/9/2024,241.2696991,206.0455627,299.0336304,1
1/10/2024,118.0951004,108.0197601,129.5047607,1
1/11/2024,165.3104706,148.0347595,190.1557312,1
1/12/2024,210.5927887,189.312973,238.3154449,1
1/13/2024,160.02742,141.9390106,212.7131195,1
1/14/2024,107.4346313,119.113678,107.1039352,1
1/15/2024,106.3993912,94.37271881,141.4291687,1
1/16/2024,193.3890686,145.2469025,286.0811462,1
1/17/2024,176.2004089,175.819397,234.2107391,1
1/18/2024,167.4893799,206.3298645,160.7896118,1
1/19/2024,207.405838,246.3778076,212.6750793,1
1/20/2024,83.86247253,61.01749039,146.3075867,1
1/21/2024,70.10725403,58.29637527,104.8371887,1
1/22/2024,186.6235352,121.9297485,239.2059631,1
1/23/2024,169.0724487,124.9680328,249.7067261,1
1/24/2024,159.1447144,107.8275528,235.04422,1
1/25/2024,202.2942047,210.2674713,252.0894165,1
1/26/2024,141.3211517,112.8124466,191.6051483,1
1/27/2024,178.9195557,161.529541,234.427597,1
1/28/2024,152.7408752,95.25662231,190.3383942,1
1/29/2024,140.5331726,144.6809998,200.1437225,1
1/30/2024,206.2771149,171.5258789,254.0285645,1
1/31/2024,205.6076508,170.9692078,250.5247345,1
2/1/2024,147.4983673,143.0911102,159.2980652,1
2/2/2024,171.5245514,169.3707886,245.8075714,1
2/3/2024,96.79580688,116.261528,117.9418335,1
2/4/2024,85.66985321,126.6438522,113.8748703,1
2/5/2024,125.8775711,121.1981659,145.3043365,1
2/6/2024,118.7524261,62.3661232,162.0031281,1
2/7/2024,100.3808441,74.19538879,144.548233,1
2/8/2024,116.2304459,77.3194046,162.2217407,1
2/9/2024,194.5299835,175.6227264,277.0445862,1
2/10/2024,98.49575043,94.83424377,113.6966629,1
2/11/2024,86.26477814,28.69274902,154.7986603,1
2/12/2024,156.3873291,189.1504822,184.2524872,1
2/13/2024,187.8582916,135.3820343,262.1920471,1
2/14/2024,135.8093719,137.4796906,153.0510712,1
2/15/2024,214.8081512,216.2238617,247.9596252,1
2/16/2024,160.9344635,167.2775574,133.699234,1
2/17/2024,87.0296936,81.41390991,119.2974854,1
2/18/2024,80.79433441,89.57735443,89.49515533,1
2/19/2024,167.8173065,109.2093964,218.2183685,1
2/20/2024,170.2109833,141.5357666,221.8984833,1
2/21/2024,193.7539673,197.4927216,236.7737885,1
2/22/2024,219.5830688,302.578064,125.0898285,1
2/23/2024,167.068634,191.6176453,149.3246155,1
2/24/2024,111.1244736,70.40264893,147.7098999,1
2/25/2024,87.1728363,101.4817123,86.9045105,1
2/26/2024,200.9716797,149.8265686,276.3490601,1
2/27/2024,166.8644104,215.8379974,98.57824707,1
2/28/2024,177.4589844,157.4002228,188.7069397,1
2/29/2024,153.2504578,166.6425781,141.026535,1
3/1/2024,155.1833496,188.5966492,130.9048157,1
3/2/2024,82.69258881,56.62709808,96.98593903,1
3/3/2024,82.35665131,45.65475845,127.7160187,1
3/4/2024,170.7509155,159.0229034,177.0343323,1
3/5/2024,83.45616913,85.4109726,102.3991089,1
3/6/2024,108.0185089,99.80085754,95.72090912,1
3/7/2024,122.2349625,91.4779892,146.2304688,1
3/8/2024,183.7222443,194.4355774,177.6065216,1
3/9/2024,89.67141724,52.63383102,115.6881714,1
3/10/2024,98.21629333,89.09445953,124.6177902,1
3/11/2024,155.8058472,157.7220917,202.599472,1
3/12/2024,199.5522766,232.3075409,172.4129639,1
3/13/2024,149.7544098,129.5065002,179.1521454,1
3/14/2024,187.1507111,155.6216888,248.7661896,1
3/15/2024,138.0236511,105.2067413,183.4650726,1
3/16/2024,126.5598984,137.2676239,98.74200439,1
3/17/2024,69.1920166,100.686821,34.48951721,1
3/18/2024,147.6532135,149.4691925,127.9988861,1
3/19/2024,183.3041382,152.4231415,221.8984833,1
3/20/2024,116.0268936,115.7759933,138.8036957,1
3/21/2024,130.513916,103.35849,148.699646,1
3/22/2024,125.0025558,122.8423691,135.9466705,1
3/23/2024,107.0296478,106.7982101,138.7102661,1
3/24/2024,69.01182556,57.38549805,103.1991043,1
3/25/2024,187.9930725,140.1508789,245.5775146,1
3/26/2024,165.6283875,158.913681,203.2228546,1
3/27/2024,126.7417221,105.3897095,149.3246155,1
3/28/2024,99.62609863,82.84222412,111.734375,1
3/29/2024,126.1930618,136.4135132,113.2241516,1
3/30/2024,161.5886688,116.4505692,214.7883759,1
3/31/2024,119.9537048,92.07255554,183.97612,1
4/1/2024,123.224617,132.601944,144.5239105,1
4/2/2024,197.9622192,197.5341492,249.9803009,1
4/3/2024,181.8664703,162.0296326,194.2571411,1
4/4/2024,160.9845886,123.5665207,172.8343811,1
4/5/2024,142.0483551,170.0894318,158.6044617,1
4/6/2024,130.2976685,100.0122452,169.8647919,1
4/7/2024,69.73827362,43.49216461,104.285408,1
4/8/2024,126.3267288,81.7013855,153.9240875,1
4/9/2024,171.7627563,173.4317322,159.003067,1
4/10/2024,208.5249481,168.4408875,261.3387451,1
4/11/2024,123.3402863,136.7484131,117.1053696,1
4/12/2024,161.3263397,160.9774933,160.8297729,1
4/13/2024,130.1172333,135.2456818,118.9069901,1
4/14/2024,137.6413116,76.3020401,219.5482178,1
4/15/2024,230.7936401,237.0679626,230.0832367,1
4/16/2024,340.544342,453.07724,283.9421997,1
4/17/2024,227.4962769,267.60672,221.2644196,1
4/18/2024,155.6657715,196.7502747,136.5642242,1
4/19/2024,208.1194305,269.2010803,184.4256287,1
4/20/2024,134.3631287,171.8879089,123.6457214,1
4/21/2024,70.48016357,87.90969849,70.26321411,1
4/22/2024,162.9131622,248.3568878,81.20585632,1
4/23/2024,148.3239288,164.4479828,110.9005356,1
4/24/2024,139.2322693,154.367981,150.3706665,1
4/25/2024,172.4012909,143.3570862,171.870636,1
4/26/2024,150.8349457,154.367981,138.8036957,1
4/27/2024,154.3292694,137.4960327,164.8438263,1
4/28/2024,106.3293381,54.40995407,146.7720642,1
4/29/2024,191.1096802,188.3421478,197.577774,1
4/30/2024,167.8036194,196.381134,123.9163742,1
5/1/2024,130.7592468,124.2633286,111.734375,1
5/2/2024,137.7740631,59.77223587,214.9825745,1
5/3/2024,110.4189301,115.9791107,127.4599457,1
5/4/2024,86.46179962,80.88265991,96.97012329,1
5/5/2024,68.83257294,71.54555511,51.46552658,1
5/6/2024,93.61604309,23.95220566,172.2976379,1
5/7/2024,176.2650757,252.7067719,133.3067322,1
5/8/2024,163.5835876,126.3088226,198.0258026,1
5/9/2024,145.3989563,136.6738586,126.0447083,1
5/10/2024,185.2792206,186.7460175,223.8895721,1
5/11/2024,106.0021744,88.14412689,147.946228,1
5/12/2024,54.00925446,29.94025993,71.79067993,1
5/13/2024,177.1075897,152.7249603,235.4165497,1
5/14/2024,154.6724243,150.0507965,167.0460205,1
5/15/2024,129.2136383,166.051651,81.97375488,1
5/16/2024,124.9000931,144.4985657,129.9293671,1
5/17/2024,181.6569366,204.366394,170.4449615,1
5/18/2024,110.9231186,92.23604584,140.7403259,1
5/19/2024,98.48174286,119.113678,124.9545898,1
5/20/2024,135.0755768,149.7594299,115.4226837,1
5/21/2024,165.2840424,171.7985687,151.0440063,1
5/22/2024,140.0534058,172.1564941,121.4107132,1
5/23/2024,101.8330002,139.4685516,83.6043396,1
5/24/2024,116.6397095,126.0864334,81.39647675,1
5/25/2024,91.4182663,116.261528,42.88793945,1
5/26/2024,121.3052979,77.59165192,148.8392639,1
5/27/2024,145.4297943,188.1124573,64.43651581,1
5/28/2024,143.4576569,162.6675568,104.0116959,1
5/29/2024,135.4371796,168.9303894,112.5169067,1
5/30/2024,93.57535553,82.99822998,111.9447861,1
5/31/2024,156.4992676,108.4450302,195.0219269,1
6/1/2024,121.1914978,109.1724091,151.0230865,1
6/2/2024,90.01542664,74.85064697,89.73834991,1
6/3/2024,111.1133804,127.0421066,83.07852173,1
6/4/2024,110.2148209,122.1960983,109.8755722,1
6/5/2024,119.3206253,113.392952,135.9466705,1
6/6/2024,122.0098572,111.6005249,145.9611664,1
6/7/2024,122.6876907,92.74423981,166.7864227,1
6/8/2024,66.66158295,102.3345032,30.67217827,1
6/9/2024,92.95470428,70.26795959,101.0930023,1
6/10/2024,107.2896423,144.9738922,120.3293152,1
6/11/2024,121.7855835,131.6490784,133.5517883,1
6/12/2024,117.6755753,88.06584167,140.7760468,1
6/13/2024,133.4734344,110.9873352,157.2557831,1
6/14/2024,90.13789368,121.7977905,67.39533234,1
6/15/2024,109.8956146,174.0602722,73.03822327,1
6/16/2024,102.3546219,92.84844208,92.76324463,1
6/17/2024,120.9456787,111.7445831,133.9704437,1
6/18/2024,142.9438324,165.3735809,148.699646,1
6/19/2024,114.8867416,137.9905548,89.08130646,1
6/20/2024,177.007431,231.29422,151.2536469,1
6/21/2024,128.3036804,184.2801819,46.51227188,1
6/22/2024,64.95230865,78.55982208,47.09263611,1
6/23/2024,85.15598297,70.80986786,101.8726425,1
6/24/2024,212.6078491,205.3046417,232.4650574,1
6/25/2024,109.9876022,150.6369324,103.1991043,1
6/26/2024,128.5839691,183.2941589,109.8755722,1
6/27/2024,120.6764145,170.5885773,72.18297577,1
6/28/2024,121.4608078,128.5435181,143.1027527,1
6/29/2024,42.53698349,44.21354675,42.40605164,1
6/30/2024,46.92022324,46.81876373,37.42063904,1
7/1/2024,71.44754028,54.00988007,90.65332794,1
7/2/2024,79.59959412,91.64707947,97.66717529,1
7/3/2024,107.8231735,99.62039185,131.3782349,1
7/4/2024,90.27962494,80.84497833,83.07852173,1
7/5/2024,73.11270142,74.82523346,56.06742477,1
7/6/2024,87.63406372,77.72850037,81.54003143,1
7/7/2024,94.91598511,63.14049149,132.4733429,1
7/8/2024,89.18451691,127.1309509,88.90999603,1
7/9/2024,90.05038452,96.27391815,89.77320099,1
7/10/2024,124.6665268,88.85495758,177.5468445,1
7/11/2024,127.8534927,125.6440277,139.0472107,1
7/12/2024,86.32097626,98.69557953,64.54145813,1
7/13/2024,31.74984932,44.00165939,10.55070686,1
7/14/2024,45.00771332,29.94025993,53.84300995,1
7/15/2024,67.88048553,22.57789803,121.8087769,1
7/16/2024,68.23641205,92.84844208,49.47372818,1
7/17/2024,105.2591629,113.26931,86.41719055,1
7/18/2024,133.5200043,126.8869324,126.7704926,1
7/19/2024,143.7746277,162.5922394,126.1322327,1
7/20/2024,79.50162506,52.88647461,126.8110657,1
7/21/2024,81.29000092,67.59518433,121.5596848,1
7/22/2024,130.0388184,136.5869598,136.4616241,1
7/23/2024,36.46863556,30.32481194,36.35638046,1
7/24/2024,78.87065887,70.62830353,84.67618561,1
7/25/2024,91.53900146,85.6322403,114.0715485,1
7/26/2024,95.77151489,103.0596619,89.86044312,1
7/27/2024,81.64779663,106.68853,69.76840973,1
7/28/2024,105.1608887,131.1668549,104.8371887,1
7/29/2024,124.3849487,174.197876,65.26425171,1
7/30/2024,107.0728989,111.2930832,93.40039825,1
7/31/2024,112.8643112,168.9303894,101.2652206,1
8/1/2024,133.1976471,144.46698,161.654541,1
8/2/2024,191.2178192,187.0630798,246.6966705,1
8/3/2024,92.17579651,67.066185,126.3516006,1
8/4/2024,76.24835968,56.35813522,101.3515472,1
8/5/2024,186.9997864,211.0305328,119.8441162,1
8/6/2024,131.5007935,166.624054,124.853363,1
8/7/2024,172.7223358,153.8828888,221.388031,1
8/8/2024,174.6740112,134.8721161,199.0129547,1
8/9/2024,151.3355865,111.858017,201.159668,1
8/10/2024,122.0419617,115.9791107,139.0472107,1
8/11/2024,61.83459473,88.14412689,35.22529221,1
8/12/2024,118.3059921,98.37513733,170.3604279,1
8/13/2024,151.6049347,126.0642548,181.3659363,1
8/14/2024,175.7688904,191.1288452,188.7069397,1
8/15/2024,139.6101379,168.8584747,101.2221069,1
8/16/2024,118.9431839,118.6859818,166.0078888,1
8/17/2024,137.0306702,118.8994446,178.1855011,1
8/18/2024,75.07235718,15.60625362,130.972229,1
8/19/2024,136.5266418,83.65087891,186.250885,1
8/20/2024,151.4692993,98.57070923,183.8298187,1
8/21/2024,140.6882019,148.8921051,114.7542114,1
8/22/2024,184.3729706,183.9742737,159.2980652,1
8/23/2024,143.7642365,99.62039185,203.0391083,1
8/24/2024,87.3164444,99.83374786,54.40480042,1
8/25/2024,110.7265015,30.6908493,202.3737335,1
8/26/2024,176.0301666,172.9881744,191.4418182,1
8/27/2024,174.3456726,171.8209076,141.6221619,1
8/28/2024,156.191803,119.0551682,220.5906219,1
8/29/2024,132.5027008,94.44012451,176.1264801,1
8/30/2024,166.5536804,102.5885925,258.2860107,1
8/31/2024,124.5752029,94.17107391,158.0622253,1
9/1/2024,113.6665421,81.01481628,145.6928558,1
9/2/2024,145.5133057,99.64612579,204.7982178,1
9/3/2024,171.2261658,208.0937195,144.4377136,1
9/4/2024,180.321228,177.7099152,226.3722382,1
9/5/2024,141.9671936,127.8876801,165.1185608,1
9/6/2024,100.3808441,102.0186615,100.0718613,1
9/7/2024,90.47984314,125.3947144,60.13422775,1
9/8/2024,122.3639832,72.67819977,191.6943665,1
9/9/2024,146.7593231,185.9580536,97.53839111,1
9/10/2024,97.60788727,131.8915253,85.14401245,1
9/11/2024,212.9060516,197.8660583,249.7067261,1
9/12/2024,103.1149445,117.897049,64.24846649,1
9/13/2024,185.6430206,125.4239883,219.772522,1
9/14/2024,100.3808441,133.5516968,80.05747986,1
9/15/2024,55.8746376,53.09886932,79.57521057,1
9/16/2024,88.97392273,79.67572784,81.87697601,1
9/17/2024,100.788063,111.7445831,80.38226318,1
9/18/2024,122.0098572,101.4550171,145.9611664,1
9/19/2024,93.75191498,62.3661232,137.0795593,1
9/20/2024,175.5377808,188.3421478,191.9326935,1
9/21/2024,90.2914505,84.4651947,78.76183319,1
9/22/2024,8.952885628,0,17.85065651,1
9/23/2024,158.099823,212.8480225,150.1077881,1
9/24/2024,161.1170959,171.486618,154.1963196,1
9/25/2024,175.3001099,231.2174835,132.5769501,1
9/26/2024,240.4767914,289.9477844,263.7102356,1
9/27/2024,134.8478851,136.5063782,116.8981018,1
9/28/2024,66.58427429,46.13909531,88.50576019,1
9/29/2024,102.3546219,108.3231888,111.3158875,1
9/30/2024,160.49263,160.1455688,179.1984406,1
10/1/2024,135.8670349,75.31846619,232.1979828,1
10/2/2024,178.7127075,191.0638428,216.340332,1
10/3/2024,237.0575714,321.6181335,223.8895721,1
10/4/2024,144.2756042,143.963623,161.0912781,1
10/5/2024,72.57582092,86.21295166,72.35242462,1
10/6/2024,89.28753662,133.6416931,71.2101593,1
10/7/2024,80.63045502,67.0467453,107.1763458,1
10/8/2024,98.5883255,120.2362823,91.73253632,1
10/9/2024,137.0306702,128.807724,142.5484009,1
10/10/2024,119.5872879,69.60839844,178.8287659,1
10/11/2024,157.4529419,151.0696716,217.3406982,1
10/12/2024,96.0164566,88.71187592,85.08525085,1
10/13/2024,52.16641998,28.91867447,69.34112549,1
10/14/2024,151.4692993,87.6184082,210.0912018,1
10/15/2024,125.7141495,125.4423065,112.7944565,1
10/16/2024,117.6425934,102.9720993,123.453125,1
10/17/2024,104.2416458,134.8358459,57.73376465,1
10/18/2024,124.8903427,118.6859818,130.4347839,1
10/19/2024,72.2539978,64.70310974,88.65426636,1
10/20/2024,77.84101868,86.30298615,103.468544,1
10/21/2024,119.0563431,139.7634125,111.7081146,1
10/22/2024,214.1457977,222.5861664,173.4578857,1
10/23/2024,215.3911743,209.9846039,207.323761,1
10/24/2024,136.4728241,123.7979279,160.7896118,1
10/25/2024,170.0256042,136.5063782,233.7962036,1
10/26/2024,114.0554733,107.2112274,128.5354156,1
10/27/2024,93.91300201,127.7862549,34.04506302,1
10/28/2024,145.172287,131.6894226,171.0391541,1
10/29/2024,160.804245,213.9420471,102.5979462,1
10/30/2024,133.9641418,151.9027863,157.8339233,1
10/31/2024,133.8999176,77.45529175,174.1144867,1
11/1/2024,131.0728302,128.807724,130.6693726,1
11/2/2024,79.75684357,79.5843811,74.21059418,1
11/3/2024,101.4051361,98.37513733,101.0930023,1
11/4/2024,114.6917496,134.6396942,107.6129227,1
11/5/2024,57.44337082,63.68794632,38.17770386,1
11/6/2024,120.1449432,123.6910095,114.0715485,1
11/7/2024,98.79587555,115.9791107,115.8726807,1
11/8/2024,108.8906326,152.4984894,68.56134033,1
11/9/2024,77.3964386,60.06705856,92.58984375,1
11/10/2024,54.00925446,44.91038895,89.73834991,1
11/11/2024,154.2288666,178.4293976,147.0691681,1
11/12/2024,106.8570175,155.4961853,93.21208954,1
11/13/2024,116.5533066,122.4223938,97.84803772,1
11/14/2024,58.6295166,68.25318909,35.0694313,1
11/15/2024,97.58791351,108.1965561,118.9069901,1
11/16/2024,97.26952362,98.85658264,86.19566345,1
11/17/2024,33.88816071,42.26860046,16.8919239,1
11/18/2024,253.1438141,192.454422,346.1000671,1
11/19/2024,197.4799957,233.07341,152.4171448,1
11/20/2024,195.1946259,267.3348694,160.2537231,1
11/21/2024,193.7882385,241.7114868,217.3406982,1
11/22/2024,102.0996857,122.6320267,67.85694122,1
11/23/2024,183.4491577,217.9196014,135.8570557,1
11/24/2024,85.59606171,128.1164551,17.06651878,1
11/25/2024,123.7058487,91.4358139,164.4334259,1
11/26/2024,169.2552795,130.6881409,192.8392029,1
11/27/2024,199.6274261,176.3712463,236.3278809,1
11/28/2024,176.2785492,195.4415131,161.0912781,1
11/29/2024,226.972229,234.6429138,293.5441284,1
11/30/2024,105.6019897,110.9196091,110.8178253,1
12/1/2024,184.5441742,184.1451111,239.1689453,1
12/2/2024,197.0029297,121.3437729,320.0536194,1
12/3/2024,164.9937897,168.8584747,189.7914581,1
12/4/2024,136.6007233,147.6641235,95.32618713,1
12/5/2024,127.6648865,167.6168671,107.1763458,1
12/6/2024,150.84552,150.5193329,156.3964539,1
12/7/2024,151.0617218,107.6679001,193.6243744,1
12/8/2024,68.6542511,42.81612015,85.55366516,1
12/9/2024,170.9712372,71.08396912,298.278717,1
12/10/2024,194.4993896,202.1654053,254.4946747,1
12/11/2024,153.9403229,142.2291107,181.8862,1
12/12/2024,233.8283234,140.4256897,323.7619019,1
12/13/2024,191.3634796,131.6894226,249.9803009,1
12/14/2024,101.7512207,94.01037598,112.7089233,1
12/15/2024,64.41104126,30.60559845,91.73253632,1
12/16/2024,194.041626,207.4521637,179.6268921,1
12/17/2024,133.3025208,166.2678375,93.02454376,1
12/18/2024,182.2855072,229.9775391,187.9907837,1
12/19/2024,152.5942841,137.4608459,202.8327789,1
12/20/2024,128.6434021,106.9710236,153.8969116,1
12/21/2024,89.20738983,69.23348999,106.7193527,1
12/22/2024,37.21986389,15.47474098,55.65794373,1
12/23/2024,146.5737915,158.4449158,102.2858353,1
12/24/2024,143.3685303,150.5879059,135.4047394,1
12/25/2024,120.1449432,171.2644806,102.6643906,1
12/26/2024,132.8569946,88.37979889,158.9376526,1
12/27/2024,168.5598602,121.8806992,219.1839294,1
12/28/2024,106.2145996,121.4410553,79.41574097,1
12/29/2024,79.41086578,56.59939194,90.47592163,1
12/30/2024,108.19944,110.7338181,82.97415161,1
12/31/2024,63.39842224,52.71777344,79.00409698,1
1/1/2025,112.8119049,68.22299957,143.1368256,1
1/2/2025,198.4803009,102.4402237,272.9232483,1
1/3/2025,137.5028076,155.9153137,137.0795593,1
1/4/2025,69.86082458,87.1371994,46.43052673,1
1/5/2025,48.147789,16.01455688,76.79933167,1
1/6/2025,98.31822205,62.88821793,120.6345596,1
1/7/2025,117.6425934,164.7553711,61.7265625,1
1/8/2025,70.20856476,84.91726685,50.90360641,1
1/9/2025,123.1437759,143.3570862,85.93531799,1
1/10/2025,65.5364151,69.35800934,59.3951683,1
1/11/2025,71.65287781,100.8304214,43.95835114,1
1/12/2025,81.90414429,121.077095,54.4346962,1
1/13/2025,106.8570175,154.0152588,71.01873779,1
1/14/2025,147.3676147,202.4586945,89.42591095,1
1/15/2025,147.0944824,156.5614929,152.50737,1
1/16/2025,92.82151031,67.53599548,115.669754,1
1/17/2025,88.33514404,100.9984665,66.04742432,1
1/18/2025,77.15607452,51.32616043,112.8139191,1
1/19/2025,68.30036163,70.99236298,51.06759644,1
1/20/2025,151.8862915,120.2840042,173.0500336,1
1/21/2025,50.09554291,62.48401642,37.4560051,1
1/22/2025,157.4636078,145.4843597,174.4210205,1
1/23/2025,126.4798584,130.2129059,120.0862274,1
1/24/2025,148.6408539,194.2278442,116.4297638,1
1/25/2025,84.6662674,52.80199051,126.6084824,1
1/26/2025,128.0631866,127.7862549,136.1802521,1
1/27/2025,209.1437988,213.1795197,269.0322876,1
1/28/2025,163.2104645,150.7940063,192.8392029,1
1/29/2025,105.2591629,113.26931,86.41719055,1
1/30/2025,120.6764145,140.4847107,72.18297577,1
1/31/2025,109.8408127,134.6005402,69.15960693,1
2/1/2025,65.24754333,66.77584839,80.05747986,1
2/2/2025,61.99993134,88.37979889,52.97921753,1
2/3/2025,146.0450745,143.5212402,145.5955353,1
2/4/2025,141.4619598,127.4325562,152.7787476,1
2/5/2025,135.5677185,156.8400726,117.52211,1
2/6/2025,162.3218384,199.9639893,119.8682861,1
2/7/2025,124.4435043,108.4062347,141.7833862,1
2/8/2025,131.8939667,143.4197998,111.2590637,1
2/9/2025,0,0,0,1
2/10/2025,121.0070343,138.3540649,105.5552521,1
2/11/2025,119.8035355,149.4305878,83.6043396,1
2/12/2025,95.37142944,116.3130188,76.06229401,1
2/13/2025,167.4221954,188.937088,178.8287659,1
2/14/2025,119.5256348,123.0534363,102.1351929,1
2/15/2025,108.1865005,111.3796234,92.44585419,1
2/16/2025,86.551651,91.59870148,94.12934875,1
2/17/2025,156.2531891,194.8941345,155.7722321,1
2/18/2025,217.6139374,251.3233337,180.7867584,1
2/19/2025,166.2441101,174.0764465,171.870636,1
2/20/2025,265.4880981,200.6924438,336.8539124,1
2/21/2025,181.8218994,188.9882507,203.9200134,1
2/22/2025,124.8063202,95.13199615,165.8962097,1
2/23/2025,96.91022491,102.5613098,140.5264282,1
2/24/2025,144.0246887,108.8736649,182.7399139,1
2/25/2025,165.3222351,112.013092,207.5427399,1
2/26/2025,162.3807678,108.0197601,233.1085663,1
2/27/2025,143.7746277,172.1564941,126.1322327,1
2/28/2025,122.6876907,139.1163483,88.95275879,1
3/1/2025,119.862648,126.85215,108.6306381,1
3/2/2025,83.74468994,108.3231888,55.65794373,1
3/3/2025,154.2288666,156.1257172,160.4391022,1
3/4/2025,253.4526825,303.877655,211.5397949,1
3/5/2025,180.4738159,242.0477753,116.0763168,1
3/6/2025,229.8757019,245.0626221,176.2831726,1
3/7/2025,179.5272675,221.516037,138.5610352,1
3/8/2025,195.74263,233.7154846,150.1077881,1
3/9/2025,105.7202454,87.90969849,140.5264282,1
3/10/2025,238.4533081,267.9478455,205.5950928,1
3/11/2025,221.6365509,219.164856,226.9260559,1
3/12/2025,218.2265778,214.0323792,234.289856,1
3/13/2025,254.812912,282.5132141,214.5130157,1
3/14/2025,223.6781921,265.7077637,212.3711395,1
3/15/2025,150.5712585,189.9657745,113.8748703,1
3/16/2025,92.95470428,126.4823227,101.0930023,1
3/17/2025,155.9589233,186.7460175,136.8214111,1
3/18/2025,201.1201782,206.5877991,271.2662354,1
3/19/2025,275.0921326,314.5281372,251.391571,1
3/20/2025,246.204361,251.2554016,223.1331787,1
3/21/2025,158.8217316,160.3649445,135.7138824,1
3/22/2025,94.94621277,61.40613556,157.7565918,1
3/23/2025,96.91022491,131.8645477,70.26321411,1
3/24/2025,141.5077515,96.27391815,192.3711395,1
3/25/2025,139.7216492,174.2743988,81.2534256,1
3/26/2025,155.4634705,208.8251953,119.2191849,1
3/27/2025,155.9487915,143.0911102,160.8297729,1
3/28/2025,156.4567871,188.4188232,139.8398285,1
3/29/2025,100.3808441,96.64925385,105.3387909,1
3/30/2025,55.05652618,76.3020401,36.59136963,1
3/31/2025,188.3616943,259.2474365,90.65332794,1
4/1/2025,90.91094971,94.49412537,79.30223083,1
4/2/2025,115.7469559,119.1632233,109.8958817,1
4/3/2025,97.93678284,86.22794342,114.8650818,1
4/4/2025,176.96521,183.9401703,187.4467773,1
4/5/2025,148.7680206,189.6813965,98.8733902,1
4/6/2025,115.7617722,148.0915985,71.01873779,1
4/7/2025,125.7141495,104.5352478,137.8598938,1
4/8/2025,128.1103516,142.0370331,133.7977295,1
4/9/2025,189.4536133,152.7627716,206.0404968,1
4/10/2025,166.2014923,162.0296326,148.5495758,1
4/11/2025,134.7485046,168.0714264,100.7503128,1
4/12/2025,93.65890503,131.1668549,58.97091675,1
4/13/2025,91.55338287,83.05036926,99.56898499,1
4/14/2025,168.1190338,196.7502747,161.3940887,1
4/15/2025,141.4619598,147.0375671,141.026535,1
4/16/2025,156.309906,169.9693756,191.7892609,1
4/17/2025,122.4609146,142.5621185,97.66717529,1
4/18/2025,187.7323456,241.7114868,156.9682922,1
4/19/2025,117.3945389,144.3037415,122.1215897,1
4/20/2025,170.1048279,238.227356,107.1039352,1
4/21/2025,158.3972015,171.7985687,137.3127289,1
4/22/2025,133.2294159,100.7131195,193.1917419,1
4/23/2025,146.8336792,185.5871277,105.3948288,1
4/24/2025,179.2139587,221.1294556,149.8458099,1
4/25/2025,190.1125793,249.102951,206.7571564,1
4/26/2025,123.4497299,128.3153992,123.0697403,1
4/27/2025,154.0729218,204.9863281,153.5986633,1
4/28/2025,113.7904892,168.213974,75.62682343,1
4/29/2025,127.874855,162.0296326,109.2696457,1
4/30/2025,140.2145081,136.0248871,139.7829132,1
5/1/2025,105.3466797,97.33229065,128.3607178,1
5/2/2025,181.0728302,221.4231262,180.5154724,1
5/3/2025,85.18031311,94.44012451,75.48277283,1
5/4/2025,95.38807678,100.9504013,103.7394104,1
5/5/2025,213.9231567,280.3017578,193.8769836,1
5/6/2025,214.7034607,214.2391968,281.3131104,1
5/7/2025,250.2103577,262.3337097,357.8924561,1
5/8/2025,246.3893433,309.5971375,251.089386,1
5/9/2025,150.0839691,160.4565277,128.2474365,1
5/10/2025,116.9767151,150.3260498,95.41361237,1
5/11/2025,104.5227661,147.0851593,144.2783661,1
5/12/2025,200.1746521,214.776123,193.1211243,1
5/13/2025,150.0257111,199.6017151,83.75579071,1
5/14/2025,145.0759583,180.9528046,96.41960144,1
5/15/2025,213.5278778,287.9272461,138.0782471,1
5/16/2025,206.7042236,308.504425,116.2434692,1
5/17/2025,123.0522842,155.5291901,127.5804596,1
5/18/2025,137.704895,152.6745758,137.2810211,1
5/19/2025,231.8797455,220.3603058,303.8181458,1
5/20/2025,167.2364197,224.6391449,153.8969116,1
5/21/2025,222.4410248,349.9369507,95.89463043,1
5/22/2025,205.2537689,246.5304565,170.5183105,1
5/23/2025,103.5177383,117.7912827,65.17837524,1
5/24/2025,89.67141724,140.3568878,42.06842422,1
5/25/2025,142.206192,208.67453,150.1077881,1
5/26/2025,180.8349609,232.3898926,163.889389,1
5/27/2025,203.3457336,218.1785126,222.3378601,1
5/28/2025,228.0390778,279.4424133,167.5115814,1
5/29/2025,169.4258575,223.4694366,104.8371887,1
5/30/2025,185.3184662,221.516037,150.1077881,1
5/31/2025,54.93478775,73.08799744,21.9062767,1
6/1/2025,161.3815002,197.7592621,169.3523712,1
6/2/2025,247.2065277,256.9499817,197.1564941,1
6/3/2025,205.0933075,248.060379,223.0494537,1
6/4/2025,197.0300446,235.5151978,184.1470947,1
6/5/2025,245.1642151,341.349884,181.8862,1
6/6/2025,137.7939911,128.3296204,142.8646393,1
6/7/2025,109.0343628,103.617691,103.5226135,1
6/8/2025,102.7152786,142.3516083,68.26607513,1
6/9/2025,145.3411865,201.426239,144.8938141,1
6/10/2025,188.4736786,246.9555206,113.8748703,1
6/11/2025,177.3568268,256.8967285,68.4429245,1
6/12/2025,168.1506348,233.0375519,89.40429688,1
6/13/2025,166.7785797,267.7989807,80.26596832,1
6/14/2025,307.252655,455.0919189,258.4464417,1
6/15/2025,169.0869904,178.9468842,137.9180603,1
6/16/2025,273.9238892,413.1755981,177.8199921,1
6/17/2025,293.2027893,435.7406921,199.0129547,1
6/18/2025,320.77005,482.1663818,159.8913422,1
6/19/2025,205.7495575,250.927887,177.767395,1
6/20/2025,284.8919983,353.0224304,345.2732239,1
6/21/2025,155.6960449,187.5026855,181.9783173,1
6/22/2025,239.6689758,355.8790588,290.1307983,1
6/23/2025,540.1633301,606.0990601,583.9163208,1
6/24/2025,351.72052,436.0411377,318.7617188,1
6/25/2025,328.473114,462.9418335,188.7069397,1
6/26/2025,233.9731903,296.953949,171.870636,1
6/27/2025,231.2438202,317.2727051,138.3192139,1
6/28/2025,112.2904282,84.0357132,156.722702,1
6/29/2025,95.38807678,115.3718872,69.15960693,1
6/30/2025,147.6532135,181.4983215,89.59922028,1
7/1/2025,189.4642029,233.7770691,182.7880707,1
7/2/2025,95.84282684,99.62039185,131.3782349,1
7/3/2025,96.7588501,75.72518921,113.483551,1
7/4/2025,156.7676086,147.3602905,149.4900513,1
7/5/2025,101.0253372,132.6406403,63.60908127,1
7/6/2025,48.71422958,40.50740814,64.75238037,1
7/7/2025,115.5546951,138.7928314,76.79933167,1
7/8/2025,151.7206573,168.213974,138.6491852,1
7/9/2025,136.2952728,187.2471161,59.0764122,1
7/10/2025,146.056778,194.3212585,104.8371887,1
7/11/2025,134.5205078,139.822525,178.8085938,1
7/12/2025,123.0675278,162.0296326,102.240593,1
7/13/2025,42.68772888,70.99236298,17.02253151,1
7/14/2025,107.6285553,129.2727356,71.5315094,1
7/15/2025,166.5536804,184.6594849,147.5920105,1
7/16/2025,177.8971558,244.8447876,134.5410461,1
7/17/2025,155.0075073,162.3104553,160.2537231,1
7/18/2025,140.0435181,179.1547089,107.3941879,1
7/19/2025,58.31985474,77.59165192,46.51227188,1
7/20/2025,88.87377167,53.74641418,112.7639008,1
7/21/2025,144.3234863,171.4421387,95.91950226,1
7/22/2025,118.5550613,162.3707581,83.42832947,1
7/23/2025,142.9438324,144.701889,123.9163742,1
7/24/2025,199.4794464,261.3762817,132.5769501,1
7/25/2025,122.9044495,145.9984436,105.0224152,1
7/26/2025,124.048996,168.0973206,73.28424835,1
7/27/2025,152.6115112,134.3660278,214.7883759,1
7/28/2025,142.2575073,135.1903687,175.5862122,1
7/29/2025,126.9182968,158.3048096,88.56934357,1
7/30/2025,219.1192474,257.2299194,269.8435669,1
7/31/2025,176.513382,176.1316833,164.2387238,1
8/1/2025,179.057724,238.227356,107.1039352,1
8/2/2025,113.8991699,157.8512268,75.69905853,1
8/3/2025,89.528862,115.8049698,39.66812515,1
8/4/2025,127.9243622,134.3660278,120.8184586,1
8/5/2025,163.9884949,207.2695923,117.7082748,1
8/6/2025,133.5200043,158.6086578,114.0934448,1
8/7/2025,149.1587677,144.701889,136.3079987,1
8/8/2025,175.3001099,201.05867,132.5769501,1
8/9/2025,115.5546951,136.1237335,124.798912,1
8/10/2025,103.8126602,141.2566071,94.08465576,1
8/11/2025,176.8516541,192.3062286,189.8694,1
8/12/2025,140.1470947,211.8849182,101.6114273,1
8/13/2025,159.2580719,190.6964264,165.1185608,1
8/14/2025,173.3320313,202.8510437,166.3985596,1
8/15/2025,139.0772705,168.213974,88.23129272,1
8/16/2025,99.58669281,78.45105743,125.4065018,1
8/17/2025,154.9739227,193.2985077,135.1847839,1
8/18/2025,224.3273926,236.2779846,223.6368866,1
8/19/2025,135.6021881,107.3880615,167.3716431,1
8/20/2025,155.5804749,183.274231,116.3261871,1
8/21/2025,122.211235,128.3652191,115.4226837,1
8/22/2025,104.5386276,141.2566071,52.10842514,1
8/23/2025,110.2351913,174.1616364,54.94794083,1
8/24/2025,86.16505432,111.4539108,57.26655197,1
8/25/2025,131.9164124,121.8806992,146.1226196,1
8/26/2025,108.7276077,96.43777466,101.1667328,1
8/27/2025,186.8958435,203.6403503,154.1963196,1
8/28/2025,170.3606262,188.880249,150.9655457,1
8/29/2025,175.6664734,219.1082611,137.5988007,1
8/30/2025,89.37788391,92.90062714,100.2406082,1
8/31/2025,44.764431,29.77841949,89.25328064,1
9/1/2025,144.0246887,179.6415558,143.5813599,1
9/2/2025,122.6876907,132.0241394,100.7259216,1
9/3/2025,187.50383,187.0983734,199.3884583,1
9/4/2025,114.8867416,148.6052094,76.35540771,1
9/5/2025,142.6761322,196.0133667,86.57901764,1
9/6/2025,102.9052124,122.2412949,97.70329285,1
9/7/2025,74.2312088,77.15696716,92.50339508,1
9/8/2025,115.2197418,131.7371368,114.8650818,1
9/9/2025,95.37142944,84.59128571,126.7704926,1
9/10/2025,236.6119843,273.2642822,235.883667,1
9/11/2025,179.057724,212.7029877,178.5065613,1
9/12/2025,103.7203217,140.1508789,77.55079651,1
9/13/2025,83.67556,90.04321289,78.51105499,1
9/14/2025,94.39959717,85.6322403,85.55366516,1
9/15/2025,100.5840378,100.366539,106.9593964,1
9/16/2025,102.5166016,106.5572052,102.2010498,1
9/17/2025,142.6154327,118.5892029,155.101593,1
9/18/2025,96.48255157,85.57682037,115.4226837,1
9/19/2025,140.8300476,203.6601715,73.25038147,1
9/20/2025,159.5835571,193.0163269,115.7035217,1
9/21/2025,110.1130524,91.56245422,146.3654785,1
9/22/2025,131.4511108,163.9585571,91.73253632,1
9/23/2025,115.3311768,138.5243683,102.2010498,1
9/24/2025,117.2044373,153.8828888,86.09534454,1
9/25/2025,148.8794556,185.6968842,136.0527496,1
9/26/2025,159.1991882,173.111145,122.0839691,1
9/27/2025,54.95964813,41.54606247,59.77142715,1
9/28/2025,78.63661957,98.08322906,78.3945694,1
9/29/2025,119.8834,136.4135132,100.643692,1
9/30/2025,161.7464752,150.6369324,154.7986603,1
10/1/2025,169.2552795,211.1116028,156.6818542,1
10/2/2025,184.7393494,180.1021881,241.3271484,1
10/3/2025,293.147583,282.7632141,268.8656311,1
10/4/2025,139.0583191,82.59381866,227.7497406,1
10/5/2025,64.23261261,91.56245422,73.18273926,1
10/6/2025,190.013443,158.002121,202.0571289,1
10/7/2025,163.9208679,181.7404633,108.9442139,1
10/8/2025,83.78089142,42.87165451,128.496933,1
10/9/2025,194.4756012,204.8358917,180.9518433,1
10/10/2025,184.0315399,197.4554749,177.5468445,1
10/11/2025,135.2068481,120.4593506,163.6743774,1
10/12/2025,96.57631683,64.24498749,134.7906647,1
10/13/2025,198.0710602,238.5343628,190.6523743,1
10/14/2025,202.9581909,241.0944214,144.5239105,1
10/15/2025,184.0315399,221.6267548,113.8748703,1
10/16/2025,149.9516144,204.037323,95.1300354,1
10/17/2025,133.8999176,145.2286682,162.5068512,1
10/18/2025,114.5556641,127.0088196,104.6861191,1
10/19/2025,103.2244873,140.4562836,130.972229,1
10/20/2025,161.0762329,151.4103546,237.3797607,1
10/21/2025,177.1075897,207.2695923,143.8656769,1
10/22/2025,122.9273148,139.8771515,128.9988861,1
10/23/2025,193.3405304,257.2299194,141.3466339,1
10/24/2025,158.6478729,189.9657745,113.8748703,1
10/25/2025,108.3550186,120.1341171,113.1653748,1
10/26/2025,124.4606323,159.2198639,57.26655197,1
10/27/2025,163.1457367,188.7454376,127.2862625,1
10/28/2025,129.397171,107.5978088,154.7986603,1
10/29/2025,100.9929199,111.9716949,134.2427368,1
10/30/2025,132.0226288,159.6813812,83.75579071,1
10/31/2025,158.7842407,236.7507324,141.9200897,1
11/1/2025,64.53054047,89.4319458,32.16595459,1
11/2/2025,57.25425339,54.40995407,65.23202515,1
11/3/2025,236.6119843,141.2566071,350.8013611,1
11/4/2025,107.0601807,104.7339783,138.121994,1
11/5/2025,140.9603271,195.3548889,93.68428802,1
11/6/2025,82.08132172,87.75410461,93.51847839,1
11/7/2025,99.21167755,100.8304214,87.91670227,1
11/8/2025,64.2177887,80.0986557,42.68008423,1
11/9/2025,24.72065353,27.40799713,16.42970848,1
11/10/2025,105.1608887,98.37513733,117.9418335,1
11/11/2025,104.4241943,144.719986,80.96882629,1
11/12/2025,77.42227936,101.1670837,99.23653412,1
11/13/2025,71.02971649,64.43283844,64.37371063,1
11/14/2025,81.59033203,108.5518723,43.38090515,1
11/15/2025,76.27622986,63.42607498,86.9045105,1
11/16/2025,79.62903595,92.69965363,95.26071167,1
11/17/2025,111.8166275,127.8461761,69.67028046,1
11/18/2025,81.25166321,93.54918671,49.84711456,1
11/19/2025,59.47159195,59.34299088,59.28853226,1
11/20/2025,84.79268646,94.01037598,67.62535095,1
11/21/2025,163.008606,261.4116211,23.21526337,1
11/22/2025,38.45435333,45.67999649,43.81255341,1
11/23/2025,113.1120682,120.9294357,112.7639008,1
11/24/2025,173.2514496,138.3014526,234.8967133,1
11/25/2025,188.1492767,293.940155,45.47154999,1
11/26/2025,118.3059921,167.2377319,47.17673492,1
11/27/2025,181.4025116,170.5169067,172.9813538,1
11/28/2025,151.3651428,213.0020447,81.2534256,1
11/29/2025,93.31176758,67.8927002,116.2806854,1
11/30/2025,77.03646088,96.08734894,38.39966583,1
12/1/2025,149.9516144,147.3602905,135.9000549,1
12/2/2025,110.0114746,121.9706497,109.6728516,1
12/3/2025,106.4753952,127.8876801,117.9418335,1
12/4/2025,154.6261444,187.9194641,142.2924805,1
12/5/2025,150.2979889,189.9657745,131.8551178,1
12/6/2025,82.40218353,118.7679901,21.9062767,1
12/7/2025,40.89589691,27.20497704,48.92401886,1
12/8/2025,110.6358566,97.40878296,116.7832718,1
12/9/2025,104.4780121,122.6495209,61.26848221,1
12/10/2025,95.66982269,119.3286896,59.60959244,1
12/11/2025,142.2211609,187.2471161,106.3375397,1
12/12/2025,175.3001099,201.05867,108.4720459,1
12/13/2025,75.28562927,98.37513733,32.16595459,1
12/14/2025,185.3184662,166.9396362,277.1220703,1
12/15/2025,202.2409821,173.9686584,250.2849884,1
12/16/2025,145.1220245,136.4135132,150.9655457,1
12/17/2025,125.1149673,118.8994446,130.6693726,1
12/18/2025,209.3444214,194.5560455,270.082428,1
12/19/2025,100.2022247,147.0375671,82.26547241,1
12/20/2025,105.5331268,78.00364685,128.5879059,1
12/21/2025,113.1120682,147.8026428,64.43651581,1
12/22/2025,106.6277084,70.931427,127.5594101,1
12/23/2025,97.63357544,127.5770187,83.42832947,1
12/24/2025,134.2932739,186.1151123,89.25328064,1
12/25/2025,147.225235,73.45343781,234.8352966,1
12/26/2025,144.0246887,186.2949371,159.5348358,1
12/27/2025,209.2907715,228.0417023,172.6730042,1
12/28/2025,79.82090759,99.5603714,79.57521057,1
12/29/2025,62.94665909,65.42764282,47.06467438,1
12/30/2025,218.8921356,266.9563293,160.0268097,1
12/31/2025,161.7602081,210.5353241,140.2280731,1
1/1/2026,164.6598053,225.5149384,77.24845123,1
1/2/2026,175.0828705,232.9390106,111.7081146,1
1/3/2026,197.9622192,208.5082703,184.1960144,1
1/4/2026,135.5526428,169.0744019,84.45962524,1
1/5/2026,263.3422241,299.6531372,165.809433,1
1/6/2026,255.3297729,379.9315491,66.98522186,1
1/7/2026,242.2233276,348.395752,65.26425171,1
1/8/2026,267.436676,333.572937,169.6631012,1
1/9/2026,131.6252136,118.5713577,142.1550598,1
1/10/2026,192.1967621,272.6300659,112.7089233,1
1/11/2026,118.9126892,197.7592621,33.87047577,1
1/12/2026,186.3319244,241.0190735,151.3586884,1
1/13/2026,167.4221954,228.7133026,119.2191849,1
1/14/2026,119.8834,178.3869171,62.90231323,1
1/15/2026,152.9782562,225.0571594,46.92534637,1
1/16/2026,194.8569183,283.5518799,84.98749542,1
1/17/2026,87.8956604,127.9039917,32.85941696,1
1/18/2026,89.30942535,81.01481628,97.12857056,1
1/19/2026,191.911972,222.0254822,116.4564209,1
1/20/2026,251.428299,303.1522217,137.8598938,1
1/21/2026,180.3575897,219.9603729,143.8419342,1
1/22/2026,133.718338,151.6240692,84.8315506,1
1/23/2026,193.1857605,255.1341553,135.9466705,1
1/24/2026,123.729187,168.3567657,67.28090668,1
1/25/2026,85.15598297,99.13381195,67.91509247,1
1/26/2026,80.79433441,76.78059387,69.03912354,1
1/27/2026,206.2771149,282.5132141,96.772789,1
1/28/2026,134.1356659,184.2801819,93.02454376,1
1/29/2026,177.5683136,244.3921967,122.0839691,1
1/30/2026,161.4616241,233.8729706,72.69371033,1
1/31/2026,129.1953125,180.4822998,61.82286072,1
2/1/2026,106.8570175,136.6999359,65.55575562,1
2/2/2026,109.2055359,121.077095,72.57958984,1
2/3/2026,141.4619598,156.8400726,105.7698975,1
2/4/2026,239.6070709,338.7093201,226.9260559,1
2/5/2026,139.2852936,120.8557434,169.0427704,1
2/6/2026,114.8203735,143.2151031,80.12686157,1
2/7/2026,110.2351913,128.3296204,87.91670227,1
2/8/2026,64.23261261,76.3020401,54.88705444,1
2/9/2026,114.0080643,115.8682327,101.0285645,1
2/10/2026,59.25881577,78.84089661,23.63056374,1
2/11/2026,107.0488586,69.23348999,142.2924805,1
2/12/2026,125.6491241,161.4709167,91.09989929,1
2/13/2026,116.7892532,158.913681,74.09166718,1
2/14/2026,69.01182556,79.45684052,74.09166718,1
2/15/2026,21.51017952,35.77277756,0,1
2/16/2026,72.96404266,121.3437729,0,1
2/17/2026,76.59115601,84.91726685,63.62950897,1
2/18/2026,122.0419617,183.6335907,46.3490715,1
2/19/2026,113.2501831,178.9250488,33.87047577,1
2/20/2026,153.6758118,236.6412354,56.74177551,1
2/21/2026,78.07398224,102.0186615,33.35728455,1
2/22/2026,62.06215668,103.2132568,15.46778011,1
2/23/2026,139.2852936,171.2122955,108.6703491,1
2/24/2026,197.675827,298.8611755,83.6043396,1
2/25/2026,138.2637024,201.1985474,68.91905975,1
2/26/2026,167.3013916,250.4094391,66.71456909,1
2/27/2026,197.1114655,273.1739197,141.9200897,1
2/28/2026,110.5944672,140.1337433,105.0038605,1
3/1/2026,273.9074097,270.4680786,341.3303528,1
3/2/2026,500.8071594,602.0773315,553.402832,1
3/3/2026,391.0670166,478.2124634,447.1961365,1
3/4/2026,465.9186401,548.065918,611.7600708,1
3/5/2026,413.3631592,461.4382629,485.4768372,1
3/6/2026,314.7455444,240.2682343,390.934906,1
3/7/2026,226.4161987,130.9719543,353.2997437,1
3/8/2026,213.714035,177.7099152,304.3660278,1
3/9/2026,372.1300659,365.2380676,608.1715088,1
3/10/2026,457.1105957,434.4020386,627.3322144,1
3/11/2026,368.6567078,346.5343628,543.293335,1
3/12/2026,313.2816162,230.6096191,460.7960205,1
3/13/2026,322.7901306,246.4092865,506.4339294,1
3/14/2026,270.5178528,246.1652222,386.7183533,1
3/15/2026,236.6119843,176.3967896,374.1603088,1
3/16/2026,253.7854309,266.5648804,319.5843201,1
3/17/2026,378.0647888,319.3627625,574.3254395,1
3/18/2026,338.9095764,309.0862427,468.6533508,1
3/19/2026,376.2985535,360.3137512,477.4512634,1
3/20/2026,308.6585388,274.9920654,406.6147461,1
3/21/2026,300.6869202,308.3710938,329.7375488,1
3/22/2026,177.3150635,201.05867,208.9091339,1
3/23/2026,301.1425171,286.1822205,453.3867798,1
3/24/2026,400.4202576,464.1288757,495.9605408,1
3/25/2026,311.7710876,351.8358154,377.4138794,1
3/26/2026,288.5512085,297.5248108,437.2477722,1
3/27/2026,286.6115112,229.1600494,439.5835266,1
3/28/2026,241.9013824,164.2029114,374.0390625,1
3/29/2026,236.6119843,224.8574524,387.5231628,1
3/30/2026,256.2915039,234.4258423,357.7036438,1
3/31/2026,435.8641968,490.6808167,561.5368042,1
4/1/2026,284.6264648,322.2819824,422.6069336,1
4/2/2026,319.2836304,341.349884,420.6118164,1
4/3/2026,212.6745605,203.6403503,321.2423401,1
4/4/2026,222.2489471,158.4059753,390.3761597,1
4/5/2026,164.3310242,172.6059723,224.1818542,1
4/6/2026,285.1323853,292.8839417,250.8130035,1
4/7/2026,254.2377014,248.7136536,328.0007629,1
4/8/2026,294.9076843,296.5511475,478.6045227,1
4/9/2026,413.2241821,428.1028137,526.758606,1
4/10/2026,341.6276245,294.219574,364.9028931,1
4/11/2026,287.7584229,311.620636,360.2586975,1
4/12/2026,240.6223602,253.4410248,335.8343506,1
4/13/2026,405.4802856,548.6148682,507.0030823,1
4/14/2026,370.9555054,497.8670654,389.2775574,1
4/15/2026,232.356369,277.4320374,273.2177734,1
4/16/2026,358.115448,423.7698364,329.5505676,1
4/17/2026,328.2724609,317.6364746,368.9135437,1
4/18/2026,230.8192139,280.1190186,211.4512787,1
4/19/2026,203.8503265,296.6388855,203.2228546,1
4/20/2026,199.5522766,265.4943237,265.2507019,1
4/21/2026,183.6391449,258.4182739,126.7434616,1
4/22/2026,225.7060242,231.8420105,225.0112762,1
4/23/2026,238.5048676,286.4684143,303.8181458,1
4/24/2026,262.5053711,332.6193237,236.7737885,1
4/25/2026,200.7616882,178.0689392,226.8295288,1
4/26/2026,167.3903961,190.4710083,228.3554535,1
4/27/2026,140.1754761,122.6950455,205.9385223,1
4/28/2026,249.3330536,189.557251,369.2974243,1
4/29/2026,253.7854309,266.5648804,319.5843201,1
4/30/2026,217.8477783,213.1144104,293.8280029,1
5/1/2026,250.8546448,320.9130554,256.494873,1
5/2/2026,198.8912354,182.4930115,314.5115662,1
5/3/2026,169.8752747,141.2566071,254.0285645,1
5/4/2026,189.2895813,186.0184326,291.63797,1
